# v1;v2;v3;v4;v5;v6;v7;v8;v9;v10;v11;v12;v13
9.108250245461661621e+01;3.660223684036845384e+02;-3.469215616627668624e+02;-1.967922886168042851e+01;-4.887612800883551927e+02;-2.295673169555583968e+02;-4.465568988569852422e+02;6.132764961787935363e+02;-1.963626565148514302e+01;1.739042863536809307e+02;4.675409395651501399e+01;1.947559775043649495e+02;6.532682722517603224e+01
-4.488444060899899313e+01;9.239200286625531078e+01;8.627816566061845833e+02;-1.997307982064054386e+02;2.035034671491306710e+02;-4.653374317234695354e+02;5.302997092685037615e+02;-4.404336978920782144e+02;-4.420292499180626322e+01;-2.857967085425382834e+02;-2.864155716119291810e+02;-3.476921096239639297e+01;1.125939486495480537e+02
-4.840997606030796874e+00;6.438054303667277622e+01;-6.484287564902017493e+02;5.313267216214778443e+01;-3.405827105888350275e+02;2.029687908862578070e+02;-4.872259260475746032e+02;7.949468613900830860e+02;-8.655238889749105624e+01;5.519593443131938102e+02;-2.129129477073495025e+02;1.740608871424517758e+02;-6.090537159332472328e+01
-1.050720219644856144e+02;7.258562607949379242e+01;7.883295112755942000e+02;-1.349131956475589220e+02;3.045673645885829046e+02;-4.128600223422932345e+02;6.719624050498186989e+02;-7.092857554690822326e+02;-1.602668362755227065e+02;-3.595638098636193831e+02;-1.748664311763780788e+01;-2.212678032166433439e+01;8.413015800837416691e+01
-1.081411859506233064e+01;7.955340848418822475e+01;5.783683804510457094e+02;-2.150808393056410921e+02;6.297873079626556319e+02;-5.870801968148992955e+02;2.562029352770645687e+02;-4.347069543957238125e+02;1.068144966429745040e+02;-5.014408212792376958e+02;1.339241672140808816e+02;-9.881542905348172212e+01;6.328766341203623824e+01
-8.245028968668265179e+01;-1.177423111783872969e+02;-3.997386460425166206e+02;2.792688622376361423e+02;-5.826622958290813585e+02;6.236143807096973433e+02;-3.115409054520643508e+02;4.571931545884817751e+02;-2.625881824755959997e+02;4.491263524218276757e+02;-1.675148991254050372e+02;3.332722914416204389e+02;-2.182375116095296050e+02
-9.451669088323772883e+01;8.723324141220911088e+01;7.593890854616990964e+02;-1.414307521310014408e+02;2.024430942237492559e+02;1.418024229336604094e+02;1.388194393737717860e+02;-6.179299316741257826e+02;1.093714171144560652e+02;-5.380828189638120875e+02;3.041993071750659965e+02;-4.259064183318700998e+02;7.460860428943570355e+01
-9.571243198252325612e+01;9.299109177434620221e+01;9.946123966468869639e+02;-2.114490284665668582e+02;2.011282915335544885e+02;2.126579178320553609e+01;3.341111949203382636e+01;-4.915460139743847208e+02;4.444926365055727047e+01;-5.282660795710252160e+02;2.625005212584809442e+02;-3.642607473925476711e+02;4.087582524798263250e+01
-1.066220848745297474e+02;6.174677428527481027e+01;8.061139279335766332e+02;-7.233930291107662924e+01;4.054630635708689397e+02;-6.075969432805749193e+02;3.551579127091436590e+02;2.658936749051021309e+01;1.653472746910896944e+02;-5.007600060750755233e+02;-2.890511237784654099e+02;-1.869538830987660845e+02;-5.709497666197592736e+01
-1.022636294176591605e+02;1.167971299625126562e+02;8.990939606135918893e+02;-7.367525324174525281e+01;3.320974531215209709e+02;-6.411567934655815861e+02;1.469725168682710432e+02;-2.075596711457588128e+02;2.877463121260778394e+02;-4.164448675703524145e+02;-3.016656320325491834e+02;-1.112177300935167068e+02;7.127620427518937163e+01
-2.450096714709581036e+01;6.959155137103853406e+01;4.399491910697773278e+02;-1.717180086855720589e+01;8.479852332277109781e+02;-3.998426308927136574e+02;3.820638729405062008e+02;-7.203205688150558217e+02;-2.980371863040906888e+01;-4.364096437711973522e+02;8.223581227052240195e+01;-2.372456151946842340e+02;4.346928444015805582e+01
-6.144437038069822421e+01;-2.439474980184806441e+02;5.973959553380009311e+02;-7.332320292607047918e+01;2.332904112305324134e+02;8.509978162086609643e+01;2.287278496272590758e+02;-4.271807463043168127e+02;3.647324503326805143e+02;-2.115155046747445624e+02;-4.017784346973624565e+02;-5.549919267969051617e+01;-3.455749846797568381e+01
-4.378027367691005622e+01;-3.370068597435737843e+02;6.356304185681327681e+02;-1.634155899709281528e+02;1.438606217043074480e+02;3.733316995171096551e+02;2.797291513127177609e+02;-1.537753309857677380e+02;5.601255732400650231e+02;-5.248473131270213798e+02;-3.825762426165525767e+02;-4.525707023127676507e+02;6.529484809118886801e+01
-5.223835802612615709e+01;2.274819054676998178e+02;5.406884992785884378e+02;-3.796923002393788238e+02;7.180849815894742960e+02;-3.957804859461075466e+02;2.184609407699246333e+02;9.626165850463827667e+01;-1.594911140286546072e+02;-4.576913566492006566e+02;-6.400106022029665098e+01;-3.902610646283742994e+02;9.817775412781253408e+01
-3.452645384497613890e+01;1.684395171011304910e+02;4.245294655813279405e+02;-2.975371274149532610e+02;6.720466339958820754e+02;-2.811359980479859360e+02;1.093691768952052570e+02;-2.742643631369005561e+02;7.887063198374532647e+01;-4.851197616153912122e+02;1.112443638442511400e+02;-5.007928974279207068e+02;3.088768120865850051e+02
8.506203136280396393e+01;-2.811381091569550676e+02;-5.639736087770282893e+02;-5.991634648266712304e+01;-5.334157998733127215e+02;6.361866386007741312e+02;-2.727014590985682503e+02;4.070579131464214129e+02;3.103809437716858000e+01;4.732923557575271047e+02;-3.368101064836578189e+02;3.848119853267889425e+02;3.050641130070530949e+01
-7.467964945289800482e+01;1.004678296673837110e+02;5.301819742481283129e+02;1.629317714832092889e+01;5.856529360680248146e+02;-2.543277086090850219e+02;2.792389717526218647e+02;-5.511613993716390496e+02;-2.632704237990906790e+02;-4.393983652973589074e+02;3.753706298195823479e+02;-3.489855136932132496e+02;4.461754151922259837e+01
5.894480167049572827e+01;-2.147634595448109280e+02;-4.901259701202038741e+02;1.152466598438638243e+02;-6.189932853720038111e+02;1.974657467472803773e+02;-1.623491229672901000e+02;7.012544536752913018e+02;1.096860363924893136e+02;4.715227115843165393e+02;-1.386877370671670064e+02;1.655824852571471979e+02;-1.947833200994086553e+02
-1.207855964893320078e+01;-1.515300441735457184e+02;3.681362744609697870e+02;-1.002083083491253603e+02;6.476409382437212798e+02;-3.544928417667225062e+02;4.328990632782690113e+02;-5.161985059458755813e+02;-4.263616597135325925e+00;-6.415560956301370652e+02;-5.909691866226248180e+01;1.000546069398260727e+02;2.906940078509512659e+02
-7.161493230010042055e+01;-1.421328033172652567e+02;8.082508161023935145e+02;-3.331550255781259011e+02;5.174345610476334514e+02;-2.204257853729702958e+02;2.759624715706316351e+02;-9.720889713702392498e+01;5.176551254359908398e+02;-2.760176478054327731e+02;-3.846001502021231317e+02;-3.221823373468604359e+02;-2.719653950967473293e+02
-1.375383764283778021e+02;-2.419339392551480330e+02;6.893562926205529493e+02;-9.486623414905291440e+01;6.019234292914052276e+02;-1.430151817390101030e+02;5.441640750235156929e+02;-7.161836557660958533e+02;7.749389369756706856e+02;-4.387511179976756353e+02;-6.419830298323037141e+02;-1.950608540946308551e+02;-1.050344648849191653e+00
-1.013556089613226021e+02;-3.208246047002093064e+02;6.609368877830202109e+02;-2.869889959686386760e+02;2.838153430384139142e+02;-1.458831510127481579e+02;4.677416050314431573e+02;-2.747153892413579968e+01;6.286805768451166614e+02;-4.289258946272438493e+02;-3.618361025124924026e+02;-1.755686780578558057e+02;-1.923198379333469177e+02
-1.070302336918566368e+02;-1.152283181872537341e+02;9.302781305311918914e+02;-2.335289684159813817e+02;3.838267094958869166e+02;-3.262680117055126061e+02;2.061562936824479948e+02;-2.209579319913545703e+02;3.553476105013530173e+02;-3.493570146528280702e+02;-1.928308489601787983e+02;-1.760036621000468315e+00;-3.286473799849123907e+02
-1.481761230465537835e+02;-2.911512058118225355e+02;6.457918142360468892e+02;-2.805685182305601870e+02;2.920757718895122821e+02;-4.453901491453536465e+01;6.954003838709010097e+02;-5.224050277144120855e+02;8.243172056553349876e+02;-1.280931142994610639e+02;-5.968030457682862107e+02;-1.947159466634409171e+02;-2.511331792027233689e+02
4.262052350932854949e+01;1.214491107576631208e+02;3.426006809674677243e+02;-2.859711764670723824e+02;7.264006362676879007e+02;-6.062869847703225332e+02;5.404893465384043338e+02;-3.648479117926291906e+02;3.778173776933696359e+01;-4.742858683937746491e+02;-6.409921338439255578e+01;-2.040552650070008553e+02;1.882043840053035808e+02
-9.452462075398452157e+01;-2.157311301067538167e+01;3.106672927868664829e+02;-1.736332745224424912e+02;6.485318034393172866e+02;-5.957719361626653836e+02;5.697268393013467858e+02;-5.677724617196103196e+01;8.075938106478641032e+01;-5.109598482199494356e+02;1.137460297487191383e+02;-4.013417718651805899e+02;1.311504643658235523e+02
-3.325652078860755978e+01;-1.056098756648547266e+02;3.796282124857657436e+02;-2.270940221707092519e+02;5.964347188349993303e+02;-3.742686191485351515e+02;4.607748060129749206e+02;-2.653412203545025250e+02;7.917680121280397998e+01;-3.628452549181327527e+02;5.691636323135110587e+01;-3.590507443357723787e+02;1.545353556032199265e+02
-3.596660784137768019e+01;-1.432912147752442422e+02;7.174387474400061819e+02;-3.588684985587944425e+02;6.248212803250235083e+02;-3.753075806550510833e+02;-1.877341473370049485e+01;1.894336111099276252e+02;2.699585733086095729e+02;-4.309561537432263663e+02;-7.505645742269408061e+01;-4.182305058397978428e+02;5.479822138631930528e+01
-9.230071800091627665e+01;-2.967770816768443751e+02;5.685821906675657829e+02;-3.599686248530361468e+02;6.483621162688731374e+02;-2.766564967597020086e+02;7.114303263620047346e+01;3.010737798264415233e+02;2.969378439906778340e+02;-3.688765256001409512e+02;-2.988414520966026089e+01;-3.832905313299257273e+02;-7.834483995953243607e+01
-9.478004267256476112e+01;-2.531367640320509906e+02;6.091542574435134156e+02;-3.576773897960606519e+02;6.544112968940305564e+02;-3.211720926868463266e+02;4.393744243587460829e+01;5.626880322517664013e+01;2.473070102163995898e+02;-1.809527841251591838e+02;-1.042699557567210888e+02;-2.648561250217501311e+02;-3.423365612384178291e+01
-9.376064744550076568e+01;7.886377333063532546e+01;7.403263845173759137e+02;-2.234923282530242261e+02;4.336432183742680877e+02;-4.474623717229145541e+02;6.594127708089406781e+01;-2.321117283970104666e+02;6.053623839845046177e+02;-4.557530044908867239e+02;1.784648204065520005e+01;-4.503821002588556439e+02;-3.902133876014156044e+01
1.012002299789820654e+02;1.614310837445233062e+02;-2.385645757055540344e+02;1.800899832384844501e+02;-3.662412255002960819e+02;4.646145086897555387e+01;-2.760313266403077819e+02;7.363151793452372829e+01;-6.227450128747091185e+02;6.413464445013308932e+02;2.785230875373916248e+01;1.902394065006741073e+02;8.132971519963545859e+01
-1.036539678247670935e+02;1.132223070906367468e+02;6.035374491896042173e+02;-1.742304848718924326e+00;6.071368461640865917e+02;-2.784514091677541501e+02;2.152331205496644770e+02;-5.269351224858000933e+02;-2.670388495927692247e+02;-4.751220096626521467e+02;3.952475823117235905e+02;-3.289727051625986860e+02;4.753906343934541923e+01
-3.233633092086525807e+01;3.389244435197032601e+01;7.309967049736799254e+02;-1.317833067952745125e+02;5.328225219499643117e+02;-5.202467670306407399e+02;3.636308884955829512e+02;-4.167774950541173666e+02;3.078208580409794308e+02;-2.794778036482226184e+02;-9.630123183746933080e+01;-3.077686508867807902e+02;-1.844718316388067763e+02
-3.757959798132309714e+01;-9.758309279240253886e+01;2.678504341136091966e+02;-5.083348587681505251e+02;4.029013611750731911e+02;3.013918444445524969e+01;6.211706766529011929e+02;-4.772430376883562531e+02;4.739682575010554615e+02;-3.818011150372370253e+02;-1.523204621977004649e+02;-1.716754913146359911e+02;3.050774189271152892e+01
-6.918046009150332054e+01;-2.938252082820090436e+02;8.563220238880493440e+00;-4.541780355357382177e+02;5.926575740754584558e+02;-3.270604946996277107e+01;6.749434019010100201e+02;-2.086384122558328045e+02;6.038036079645337395e+02;-1.480650588245512154e+02;-2.043236054934938579e+02;-4.657791800043443118e+02;-3.271794222446130718e+00
-9.541248021568755178e+01;-1.174460729511309580e+02;4.986209412976853628e+02;-2.698099057875852509e+02;4.619906347411121601e+02;-2.096590545777974341e+02;5.889958644033553128e+02;-2.741357177754510985e+02;4.354977100629752158e+02;-4.535716125441481381e+02;-2.102628449805905291e+02;-1.391133403882286075e+02;-2.156941212845084124e+02
-1.243566832716997368e+02;-1.838331749513449154e+02;2.949605563833965789e+02;-4.613438994587110074e+02;3.926694602108011622e+02;2.607480549481444996e+02;7.133989405873746819e+02;-5.321081014938414455e+02;4.451373858519317537e+02;-2.581705644882308093e+02;-1.656846119728336930e+02;-6.129723523609241198e+01;-3.201201271088947919e+02
-2.974519905637949080e+01;1.460829541596061745e+02;7.693509268999002870e+02;7.644634086398514228e+01;2.883717864808087938e+02;-6.977018643622933496e+02;2.446545501005418828e+02;-3.103337272728344942e+02;4.230700018844256647e+02;-2.503688177229480232e+02;-3.048234382650537100e+02;-3.065547159188533897e+02;-4.844879779090548766e+01
2.138335705509917517e+01;-1.124437125209672104e+02;3.177172113871331476e+02;-3.657481663620745849e+02;5.257577450310163840e+02;7.067653631621305976e+01;6.124082934018302922e+02;-5.288273134307173677e+02;3.484202104870205972e+02;-3.782295916571496264e+02;-3.247365028910515434e+02;-1.244768345953540205e+02;-6.190123222099836653e+01
6.206992390848222385e+01;1.282721076715444610e+02;-5.415153709900175727e+02;-1.575575060320307728e+02;-3.248095333018812312e+02;2.467746510739851544e+02;-1.486196595733522656e+02;1.649025414342846432e+02;1.961728112018217303e+02;6.443207887537183751e+02;-1.008074529573071629e+02;-1.134708768043634741e+01;-1.578562135088107823e+02
3.914681248563904603e+01;1.533790961268714739e+02;-4.424190085494025766e+02;-2.228541269489638807e+02;-3.871473166567825501e+02;8.530622131666879682e+01;-1.496459376891288002e+02;2.530446687490946829e+02;2.931988155379270893e+02;6.846526074930116010e+02;-8.827926865849748594e+01;-5.669680435146943154e+01;-1.616857588549678724e+02
-1.445860972698554576e+02;-8.856014631835112993e+01;-4.088210402729284283e+02;4.278511740277835997e+02;-4.169127031841633197e+02;5.668802625554496899e+02;-3.933656465006359895e+02;5.243135840706599993e+02;-2.655101123250319688e+02;3.124594220630968948e+02;-2.141310414987133015e+02;2.351111994085916592e+02;-1.347288547559028018e+02
-1.354314127641029870e+02;-4.209682979062053931e+01;-4.366576305414206445e+02;3.584016336895702466e+02;-4.478925863793029407e+02;5.554920273752881030e+02;-4.067431428660834740e+02;4.942306146471959210e+02;-2.633981492916932439e+02;3.605623140929359920e+02;-1.664783229170060395e+02;2.652022575517687528e+02;-1.351907728065297079e+02
-1.418984742738663556e+02;-8.001387602494773432e+01;-4.139800281700923392e+02;4.057526541284709651e+02;-4.617419561837105562e+02;6.331284150599702798e+02;-3.270499106906518705e+02;5.945738373778547157e+02;-2.312756292988938185e+02;3.727096915170213833e+02;-2.698973917995922420e+02;1.508324847284934833e+02;-2.311398163700565078e+02
-8.323628148791291892e+01;-1.606139477475402373e+02;7.663187164406326701e+02;1.383787064741704000e+02;1.790977416875529116e+02;-7.810765647693878577e+01;-2.364220913685489336e+02;-3.052113927411197665e+02;1.290139712856773997e+02;-1.759156262874858783e+02;2.218068402774483445e+02;-9.221752032090390117e+01;-3.028914597350292865e+02
-2.913411815750553302e+01;-4.563118576887394084e+01;7.803213910157764985e+02;2.505890160377410325e+01;2.553897180078521956e+01;-1.035248888747212135e+02;-1.207731672608748283e+02;-3.069194325578938560e+02;1.065007953551217383e+02;-1.254011349690598820e+02;8.819978465805895951e+01;-9.507676849058404400e+01;-1.991591483540023546e+02
-2.072112495119572770e+02;-3.156949391708249095e+02;-3.459253519655048308e+02;4.795506355782653145e+02;-2.113072790378850243e+02;1.891759825382796691e+02;-1.717670992798800853e+02;6.632526184900041244e+02;-2.500409332916867413e+02;5.214261394686609492e+02;-1.588572501860742250e+02;1.021615642364158418e+02;-2.947628378678135732e+02
6.923067027513876610e+02;-4.887883664404467510e+01;-8.002371390190977252e+01;-5.622943774458013166e+01;-6.571218540546620090e+01;-6.878117576496914864e+01;-5.352114137838128727e+01;-6.022495650069726025e+01;-5.298507575574100059e+01;-5.583172477479027407e+01;-5.985612692060247042e+01;-4.828409474189905382e+01;-4.197823321830614418e+01
6.323804868703741704e+02;-4.824518454325109218e+01;-8.126234821590064428e+01;-6.457967545713381696e+01;-6.281118844207131247e+01;-5.412337378027249457e+01;-4.396519517360817275e+01;-4.198179839753768050e+01;-5.383004488631597440e+01;-4.507315837207217157e+01;-3.621291319405803222e+01;-5.505534176363509147e+01;-4.524026464451566198e+01
2.241262821319483223e+01;-2.960462778964840140e+02;5.186824532879790013e+02;2.707236920187302758e+02;6.224955090971951677e+02;-1.501965036954388495e+02;-2.929998472057724257e+02;-1.410821712328992703e+02;-1.629159827309443074e+02;-3.761220281235010816e+02;2.272343477703581627e+01;-6.182178512887662691e+01;2.414687861978184102e+01
-7.288906980178386164e+01;-4.382716003467368751e+02;7.934963941993516983e+02;2.346038296894290056e+02;4.742431211004122815e+02;5.418587459480736612e+01;-4.534272431648216184e+02;-1.332080556996174892e+02;-1.691012354439612579e+02;-4.995371049008944624e+02;2.313243685457047860e+01;3.433971998314621601e+02;-1.566245469122169709e+02
-1.589250283962441586e+02;-7.873576633488917764e+01;-3.869084250472824351e+02;1.898008952363030062e+02;-1.314214219545374647e+02;4.871984933596843916e+02;-3.645372942313765066e+02;3.835016473290152703e+02;-3.041147778879737871e+02;3.227520731953014206e+02;-2.379637265589236392e+02;3.579976657064889878e+02;-7.864433441556562343e+01
1.247768616458473900e+02;3.756646192823136232e+01;5.430352588269008720e+02;-1.492446146928961923e+02;7.514882374101502194e+01;-3.641171724406706858e+02;-2.241450406830813691e+01;-1.899897557313743448e+02;1.335762966247110626e+02;-7.587093148350459160e+01;1.412257303086269360e+02;-2.446913155491531029e+02;-9.001139109425457363e+00
1.651454533724393343e+02;5.889269144992059068e+01;3.168419106456132113e+02;8.083363622031917828e+01;3.125017272065080078e+02;-1.871960202103780659e+02;1.139161588517000752e+02;-2.752976994405475466e+02;4.627704386450496798e+01;-2.195198206031613211e+02;-5.896277716943948199e+00;-2.153355394503668947e+02;-1.911632641896077587e+02
3.194473234513525384e+01;3.884404624570742470e+01;4.581404315447579165e+02;2.235814685151030119e+02;3.429405632224114129e+02;-2.703831675308480271e+02;-2.196570486698968523e+02;-2.017132367654950258e+02;4.413431003909309425e+02;-3.000895143939999343e+02;-1.430666494179470760e+02;-9.799042789831173650e+01;-3.038942975875480101e+02
6.221681277106193875e+01;-3.486207935747611373e+02;-3.420337258447841577e+02;-2.982135228930945914e+02;3.715414045923645858e+02;5.424582885346109151e+02;6.495872000347929998e+02;-2.937550030956414275e+02;-1.134603884838367982e+01;-1.135129746744368049e+02;3.327062630673049171e+01;-9.847996713997140716e+01;-1.531123061684872937e+02
5.534751812134975779e+01;-2.926206590664621103e+02;-3.490977433473952942e+02;-3.196213571771251054e+02;4.446998202777133997e+02;4.125166495399082578e+02;3.851491247850340187e+02;-2.404250879747326337e+02;5.815830160052220066e+01;-2.535224346485367448e+02;7.087863360357700060e+01;6.975628638732544573e+01;-4.121905210117877516e+01
-1.035189247850842342e+01;-1.707881407395626354e+02;1.813244747064193803e+02;1.699492089865383093e+02;3.887174983677311388e+02;1.700910185173063098e+02;1.303127208757300366e+02;-3.658168645011798503e+02;-2.111923353452387175e+02;-2.704080975862431728e+02;5.152672372592451211e+02;-1.499658983744753016e+02;-3.771389296877621859e+02
-2.399842118775092814e+01;-1.056416055206139504e+02;4.556571228049066917e+02;2.220143882910024900e+02;2.757763927549967207e+02;-2.330995848390883509e+02;-2.620923578737242110e+02;-1.317830764860356965e+02;2.141025413952292524e+02;-2.264177532685245353e+02;1.138232973311100960e+00;-7.278444080373482450e+01;-1.128714382399735001e+02
-2.381904855112707775e+00;-2.694073551065297778e+01;4.282855903014701084e+02;9.758807762372609318e+01;2.395338327273369714e+02;-1.414242052918126831e+02;4.710937332291400281e+01;-1.657738446380162500e+01;5.384062360528513835e+01;-3.854121064305322193e+02;5.697831036458430276e+01;-8.463192503475241324e+01;-2.659675463586518731e+02
-1.939152119058520540e+01;-5.064503917017837153e+01;5.938365967168641646e+02;1.305597512659477388e+02;2.243536236785849667e+02;-2.666387246949532255e+02;-2.093635695281325226e+01;-2.990119618167040727e+01;1.957014771699634252e+02;-3.330002191776862901e+02;-1.351417561158507397e+02;-2.190737094972035948e+02;-6.972292585041921598e+01
6.108552443110609147e+02;-4.962224087684100482e+01;-7.188353811576119767e+01;-5.723448165573710611e+01;-5.033065629243887429e+01;-4.104976461903638096e+01;-4.884030459049124318e+01;-4.740607955579532984e+01;-5.864033076057117455e+01;-4.139069541621228154e+01;-5.083985326692710061e+01;-4.569413803788005168e+01;-4.792316112336999367e+01
9.132069297121434559e+00;2.140943988985252133e+02;8.473019040801575841e+01;3.830926421359999949e+02;7.593435535064790542e+01;-7.586768415197468585e+01;-1.020335364898060675e+02;-8.662335404288214136e+01;3.667879738198767114e+01;-3.149191864794990465e+02;-6.437957711539432637e+01;-1.334148779384473187e+02;-2.642423725429573267e+01
-8.519077462534441736e+01;1.086337812737205297e+02;6.344940976456771295e+02;1.143245621383916522e+01;1.089906866708669213e+02;-1.234963350579236163e+02;-1.136197034647197341e+02;-7.738159652277735745e+01;1.224874748074294359e+02;-9.285323248382989902e+01;-7.609718949483385586e+01;-2.805595279601379275e+02;-1.368401370019652177e+02
-2.418826474872478016e+01;-1.762823399323857743e+01;-4.385282572231913605e+02;-1.711853629872572071e+02;-3.065193754466089331e+02;5.936243091629285118e+02;-2.273990019833452152e+02;1.620733299250919117e+02;4.207636694093451268e+01;3.198622440084446907e+02;-8.276349367017490977e+01;1.230519641426664208e+02;2.752377587247504565e+01
-9.025625449080321516e+01;-8.057993688290763146e+01;-4.276821733997037995e+02;-1.517865909280691881e+02;-2.908136719955759304e+02;5.896897408534141505e+02;-2.197589752131319472e+02;1.933417039250726361e+02;-1.329376059216937556e+01;2.947061790317217174e+02;9.613344373010893662e+01;1.683606214809258574e+02;-6.806032551888192472e+01
1.781374198348660443e+01;1.140053212549650254e+02;-6.098482200001791398e+02;-3.141806956797072985e+02;-2.340192293110171704e+02;7.268735136141384601e+02;-2.184839294601172810e+02;5.925542114851854336e+01;4.677192087734952253e+01;1.592497383303638117e+02;2.845327179023222541e+01;8.573458591917941796e-01;2.232517995927750860e+02
-3.351740662456604980e+01;-3.088879127053490379e+02;9.196849248454476822e+00;1.878419290219630682e+02;5.722538970558222218e+02;1.952219572088063870e+01;9.826228157212797498e+01;-3.696546654130273737e+02;1.910480974020396729e+02;-3.366557868206438684e+02;3.624646226594902032e+02;-1.695349655793039005e+02;-2.223391355378885237e+02
-2.038803547965104599e+02;-2.818608256157376104e+02;-3.344863996246432691e+01;-5.541990341016052213e+01;-2.903070012927610719e+02;2.863220095347911638e+02;-4.297902858794900283e+01;2.607369351280995602e+02;-4.260974688625597651e+01;3.261049253857937060e+02;-1.148264908952391465e+02;1.624332065315266789e+02;2.973491486686695140e+01
-1.174890882625547874e+02;-3.051392020431134142e+02;4.020353187669425665e+02;3.995057289493203712e+02;3.128359451839232861e+02;-1.941969762550657492e+02;-2.317952427983779273e+02;3.310463779066014354e+02;1.034551390351869742e+02;-2.896359136865919481e+02;5.244231078258771106e+01;-2.065408601542092129e+02;-2.565235374246489641e+02
6.462566544502927854e+02;2.310389166221480295e+01;-1.051518295356845130e+02;-1.113681744794037343e+02;-9.672149244883942742e+01;-3.860670302043924806e+01;-2.351759412826644180e+01;-9.602638764785098147e+01;-6.343642292239073299e+01;-3.957989316512825440e+01;-4.980310292893669555e+01;-3.456890727364142890e+01;-1.058003856192620695e+01
1.531445933542046411e+01;1.035525471217700613e+02;-9.398254361158390680e+01;-1.900805839725032911e+02;-1.447297787473536346e+02;-1.273668855061942509e+02;-4.604249204475035384e+01;1.765175800514228399e+02;3.835797718349983256e+02;1.323886931622279803e+02;-1.317498286599571031e+02;-6.988944085178695786e+01;-7.511498111710020353e+00
-3.863084786753822897e+01;-3.204407088252647213e+02;7.454962410268337862e+02;5.549520140660239349e+02;1.667983461270888483e+02;-4.584741744699415449e+02;-3.567199702779947756e+02;3.352517595803888639e+01;1.129157858969425732e+01;-3.382088790738417288e+02;-1.426342061055571833e+02;9.142607182312519853e+01;5.161935902933299758e+01
1.883463853998443938e+01;-1.032858051953839293e+02;6.924837010397202448e+02;-3.238629884928459433e+02;4.201179096634339771e+02;-1.680897731724099344e+02;1.530568226149713382e+02;-2.721843815838881753e+01;8.120065786964485710e+01;-1.312067755514942462e+02;-1.022493918596533575e+02;-2.660613347941126676e+02;-2.437192225034659145e+02
1.332597084891438612e+02;-6.121103437204560294e+01;6.430266578881752366e+02;-2.572857700452218523e+02;4.821071731282363970e+01;-1.738092453264023334e+02;-1.689513313097457967e+02;5.643748539221657978e+00;6.529067439117596905e+01;-2.331167820549138412e+02;1.368947359561155430e+01;-2.309513721601178915e+01;8.348320108185273369e+00
3.638474040899635042e+01;-2.073287696211019124e+02;7.039644390754757524e+02;2.013817960221061298e+02;7.088406491208489513e+01;-2.529403960064301771e+02;-2.072661807952424340e+02;-1.004046076057942969e+02;1.873866931987423072e+02;-1.534409991834436653e+02;3.359255873211732535e+01;-1.528021659489634487e+02;-1.594111731885463996e+02
4.075197262533266951e+01;-2.084259850028275025e+02;6.752032244146237190e+02;1.771734343894026438e+02;1.456807386381844083e+02;-2.068393449366610639e+02;-2.852379239131090003e+02;-1.977666308219684481e+02;1.120955319716107255e+02;-1.586811069622027901e+02;9.578819063515632592e+01;-5.574586313948019267e+01;-1.339962378980612527e+02
6.532455396664767022e+02;-3.764650943707100339e+01;-7.720862017409022826e+01;-5.877543523139468817e+01;-6.411173266640422241e+01;-5.960034900205977237e+01;-5.362482991371970087e+01;-3.665163959577566999e+01;-5.691324586415168341e+01;-5.666711173467141549e+01;-4.601428495438354105e+01;-5.767322000922636960e+01;-4.835856108352916038e+01
6.774412073504074669e+02;-5.035176054253106770e+01;-6.667204359133522473e+01;-5.765478397785224018e+01;-6.251248336074561252e+01;-5.082789262262363650e+01;-5.576703722597501667e+01;-5.645603206638883620e+01;-5.848148702470482618e+01;-5.526358994428620264e+01;-5.732578168235885130e+01;-5.985229916561559804e+01;-4.627601614598979296e+01
-1.262138204290865673e+02;1.159719845970058572e+02;8.708804730869148898e+02;-5.422691680074560736e+02;2.220504794630022047e+02;-2.872368792120577723e+02;4.170604617521668729e+02;-1.844936151926605561e+01;-8.810204891538586480e+01;-5.528609099749050984e+02;3.128527434581908437e+02;-5.480447295406107600e+01;-2.688794813450616630e+02
4.456501493629799171e+01;-3.721737662349129891e+02;-1.980237925622504349e+02;-2.716390365276150760e+02;1.823027850476782419e+02;5.683636917850458303e+02;6.273432818472318040e+00;-2.052464905340208361e+02;-2.445302539624523774e+02;3.246625951563145804e+02;2.304977473637501078e+02;8.785589183046911899e+01;-1.529078191167764658e+02
-7.489852179236174834e+01;4.810048622548820276e+02;5.153108709445786673e+01;4.722179569013302114e+01;-2.083166624787443482e+02;-3.183012573750941669e+02;2.203045707030133826e+01;1.139119111081125624e+02;1.442260102689574524e+02;-2.147856908821674438e+02;-5.815953266084947870e+01;-1.329169020011678697e+02;1.474524437035410642e+02
1.290708751733951409e+01;-2.687558032547875655e+02;-6.825112585869526356e+02;-1.414183174970611105e+02;3.789518564785522017e+02;8.888762314451224711e+02;-5.756747234228819252e+02;1.361574908712750869e+02;-2.426056543137758581e+02;4.151148079474472752e+02;8.092483524661920669e+00;1.877768011392342942e+02;-1.169110018481730009e+02
-1.713730983020325027e+01;3.788474127457052418e+02;4.906168979380248061e+02;-1.092769379136216230e+02;-1.701472189565133135e+02;-8.444441643885680548e+01;4.115664570566776206e+02;-2.517715171255985922e+02;-1.304392131293766965e+02;-2.841203299817237848e+02;3.216903256036595593e+01;-3.152252372420499569e+02;4.936238031717051911e+01
4.147260451313136542e+01;5.906446807891259141e+02;2.856493460672615470e+02;1.049617342774498212e+02;-1.342027260035845302e+02;6.652242373569842471e+01;6.617936088276489670e+01;-1.975664917676772063e+02;-1.006582978988751620e+02;-4.397293183802099747e+02;-1.837215796067596898e+02;-1.512437569145189400e+02;5.169202030619368315e+01
-6.525353844846914342e+01;-3.130580042823355598e+02;-5.264135472896668944e+02;1.007192020149186874e+03;-2.279272283272516120e+02;-6.077968624498773806e+02;2.044413118627654740e+02;-1.904551471239210514e+01;-3.195676965118442467e+02;3.062413214540100057e+02;-1.861102455822943682e+02;4.131278086387908388e+02;3.341701754993785016e+02
-2.056618719235387118e+02;-3.124803926230596289e+02;-5.273144048095813332e+02;1.041250460032195178e+03;-2.492905195196182717e+02;-5.539426814067295481e+02;1.509845762593146503e+02;2.350946100131149024e+02;-3.289609311519546395e+02;2.561728070998568683e+02;-8.785413743650190099e+01;5.390044178370326335e+02;4.299806762946901273e+01
-1.214564189632366293e+02;-3.658633731906813864e+02;-1.690915555848524150e+02;3.069953905493776460e+02;4.069766668766401381e+02;-2.479345520501224698e+01;8.960318725935208306e+01;-2.462159590503182471e+01;2.183566875499821265e+02;-2.140572872368398407e+02;-5.904155918446944895e+01;-1.990804660677635241e+02;1.560737791025356671e+02
-1.288499966672762298e+02;-3.369136962951502596e+02;-1.025579272663307506e+01;1.157312275136424802e+02;3.996236090726180805e+02;3.073703775967730394e+02;1.287098443823722675e+02;-1.662178338356447966e+02;1.942936234953328665e+02;-1.620583993799926645e+02;-1.250321302058429751e+02;-3.273483560974565876e+02;1.109475231472577548e+02
5.040020344349476744e+01;1.739071048237810260e+02;-1.284232889124222083e+02;-3.436743785858943170e+02;4.097912861317813054e+02;1.164840426479228483e+02;-1.815310415354361169e+02;1.578795237104735065e+02;-6.385093480328299620e+01;-3.550751928903880525e+02;2.381529188557444741e+02;-1.090593526226472960e+02;3.499910973687326532e+01
5.111201623821615136e-03;2.144625638468935733e+02;1.244722896467780174e+03;-5.901700480975922574e+02;-6.444927157227489261e+02;3.444431717025973967e+02;5.461257713947124337e+00;-5.423489578059616889e+01;-3.134997210281380475e+01;-2.710910880979747617e+02;1.805325601665918782e+02;-1.227880800485038435e+02;-2.755007612492043449e+02
-1.455234248703402145e+01;4.232504913164367508e+02;8.778580148691946761e+02;-6.083790434140994421e+02;-7.845130866616851506e+01;-1.455989897529026109e+02;8.914358924312787735e+01;-3.187751993309678369e+02;3.378145975216426677e+02;-1.023412641368781664e+02;-2.271014333466936819e+01;-3.956316125470262932e+02;-4.162678928065592743e+01
8.352906815549069108e+01;1.076541447971205230e+02;7.033675701405361451e+02;-1.338906855670913956e+02;-1.906594044924484024e+02;-3.350985008705723658e+02;3.318501495484504744e+02;-2.473730883269187757e+02;1.537846553327483718e+02;-2.968704590211295340e+02;9.098204412921228368e+01;-2.792136209368297841e+02;1.193812711143165828e+01
-4.914200717594673051e+01;-1.398641007959402316e+02;-5.732991273133150116e+02;6.504261808572729251e+02;1.234865209468283496e+02;-2.569193976410543314e+02;-3.762088920785213304e+02;2.710877436997126324e+02;-2.075261100535449259e+02;2.954385616739861575e+02;-1.659917840643898899e+02;2.316845288714044102e+02;1.968278830735077065e+02
2.632792710166759420e+01;-1.563478455765966828e+02;4.004251779771553288e+02;-4.926779773244916214e+02;-1.180966784286526376e+02;4.026082903454287134e+02;6.900414816458356881e+02;-4.610338560199384119e+02;1.874548815425266355e+02;8.964342039726307121e+01;1.304119881710874438e+02;-4.556884201859822952e+02;-2.430683896453029149e+02
9.703823103426989860e+01;-3.047778451141065830e+02;-2.783987853405519104e+02;3.481949208588777083e+02;1.015496493091533239e+02;-2.950485594002436187e+02;-5.506000960472132988e+01;3.895144394858730834e+02;-1.498334883907247104e+02;7.166072060014249701e+01;-4.171708623295902640e+01;6.509094605594712846e+01;5.178686673904358173e+01
1.204417063987248753e+02;-4.858021505108866336e+02;-4.495806345407820004e+02;3.079084541446176218e+02;2.334432511596227755e+01;-2.600810783590977735e+02;8.475307428289330369e-01;5.671957930274797945e+02;1.302888436305209723e+02;-7.162824213774138116e+01;1.972824297589384202e+01;2.132993872708926801e+02;-1.159621777584132190e+02
-8.671939219707441282e+01;4.794280922941548511e+02;3.975128703892706312e+02;-3.883247506472443433e+02;-3.863423940552705176e+02;1.640858416342171040e+02;2.255267392029917914e+02;-4.118036929232211492e+02;-2.801276271486520741e+01;6.507055904363564025e+01;5.580342468466480454e+01;-1.409531384945089485e+02;5.472860378324995878e+01
-1.742374547232128066e+02;-1.736801780200681833e+02;-3.985382720344727545e+02;3.390979662499858023e+02;-1.500754277560844230e+02;-1.237065620216309298e+02;-4.536760672167474695e+00;1.188931748652232017e+02;4.301598896124534690e+02;-1.952162480814550065e+02;4.108252942327398500e+02;-2.106732679093863396e+02;1.316878462580760640e+02
-1.625817375755304965e+02;-5.452613266145440463e+01;-4.383261647664357952e+02;4.707342262508265662e+02;2.620792776430589015e+02;-1.888785457077954391e+02;-9.729865107851234995e+01;-3.999949068319190282e+00;3.315832498691967203e+02;-3.194051920411144465e+02;3.280285243509555357e+02;1.408182836195460368e+02;-2.682271888344213266e+02
6.011408002008919738e+01;6.238658232338400467e+02;4.676560396297959983e+02;1.179203212258286015e+02;-2.915520851525492958e+02;-3.703840484534695179e+02;-7.662321131178192957e+01;-4.996530995851618684e+01;1.645321023507434859e+02;-1.093797925011043901e+02;-3.817493307588448488e+02;-4.273803361606089766e+02;2.729457478365783345e+02
-6.307073846648358462e+00;5.970691165632503044e+02;7.338569868888915835e+02;-3.233132421120809568e+02;-1.784322217347773005e+02;-2.519841006065923068e+02;3.379336917241636229e+01;-2.589611714808519309e+02;3.410695920200021192e+02;-2.502882977954507453e+02;-2.050820719044583882e+02;-4.201860712885005569e+02;1.887651861247994987e+02
1.090236221330785042e+02;-1.170368933730304661e+02;5.612093416754397595e+02;-4.586154972714635392e+02;2.025965417574655305e+02;-4.087600080198099022e+02;2.127571493985840334e+02;1.184117300815806857e+02;-3.283118600520027144e+02;-2.168484938431746230e+02;1.926967253109445721e+02;2.086153589040613809e+01;1.120161063119818010e+02
7.494136483724069819e+01;-1.621912343267261747e+00;7.950541737844957879e+02;-1.704955096505782137e+02;4.887220865599751818e+01;-1.156992928803044265e+02;1.420847555044890100e+02;-4.705989040033261404e+02;2.505058141971181840e+02;-4.676123100691048649e+02;9.622549248386921761e+01;-1.482601523721659191e+02;-3.339572814446414384e+01
-3.797333423507307959e+00;7.962193185571072718e+01;8.150298710794362478e+02;-2.166684690484690634e+02;-2.224095106842148368e+02;-2.323335946286666953e+01;3.246785449276004556e+02;-4.487505617116308372e+02;3.449417449977499217e+01;-2.774150811235329002e+02;6.538171314010250512e+01;-7.647699816663549655e+01;-5.045492188176848458e+01
4.707950509374084191e+01;-1.235553840983897942e+02;6.970008738279768750e+02;-5.398391115726143425e+02;1.529013226572625115e+02;-6.056672871562911951e+02;4.433571302323620102e+02;3.744940226565377088e+02;-4.057746621535551981e+02;-3.050390407837201110e+02;-1.285081362058622290e+02;2.280483878797398347e+02;1.655023796228132937e+02
-1.296120293193741588e+02;9.797774950849759534e+01;-2.802759788534649488e+02;-4.869057364884908878e+01;-2.073526603695378299e+02;4.003712470620015438e+02;-2.306952538636950862e+02;4.209279252515618168e+02;-1.720414437442844928e+02;4.213956593207394690e+02;-3.159709446318553887e+02;2.490065222288048403e+02;-2.050402189405443210e+02
7.590330878918109647e+01;-5.874121508084279952e+01;5.805165309153014732e+02;2.986977982442487090e+01;-2.211445357930690818e+02;-4.391963626633663580e+02;3.482550505697149106e+02;-1.335654462245740604e+02;5.666137882060395725e+01;-4.513924566163071859e+02;2.891501224213413366e+02;-1.968964343595929734e+02;1.205802793971845404e+02
4.126294994662283244e+01;-7.406194862328359250e+02;-6.361751010097307244e+02;7.864258606363771378e+02;-1.353540147921490018e+02;-1.823725576143343972e+02;2.926525197699324963e+02;2.592224159964966361e+02;-2.559312113769956341e+02;4.199546703989070124e+02;-6.640214798153584752e+01;4.539322383046467024e+01;1.719428784287800624e+02
3.082988727501906112e+01;-3.846689962642498131e+02;-3.340653263536323720e+02;4.568560095158069316e+02;9.262692901051597971e+01;-1.232077807068983510e+01;3.638177407590286521e+02;-2.932999823595280304e+02;-1.131834917182172404e+02;7.528018097828293094e+02;-7.638574933990431646e+02;8.177636336952767806e+02;-6.132999418731162677e+02
2.093898548333470089e+01;-1.035341803098823732e+02;7.427380378368753782e+02;-6.553659967704537621e+02;1.473603785798853494e+02;-6.429705157547818999e+02;4.343285829009736290e+02;3.354390800754700876e+02;-3.414016527163344108e+02;-1.664955141611526130e+02;-7.593125143761560025e+01;1.762587461690438317e+02;1.286353001046375653e+02
-5.723814157267497649e+00;5.416498513753786881e+01;-4.796900024871170558e+02;-3.621517031503667283e+01;-5.747009771327982435e+02;4.674806373472392096e+01;-4.562182924541123725e+02;6.787790167088244289e+02;-1.698131468747257031e+02;5.133168644393164186e+02;3.280391860221696732e+01;3.976705948671701094e+02;-1.122040068732762297e+00
-3.701252480180719573e+01;-1.137734146751170528e+01;-4.323711989640692082e+02;8.439799498696449120e+01;-6.403064721877977945e+02;5.606563861481344446e+01;-2.821670742611252081e+02;8.746805542747906657e+02;-3.194413413944614604e+02;4.152564153101600368e+02;-4.560562756283798080e+01;3.691233164818194155e+02;-3.124233902893730885e+01
-8.868414645367627713e+01;3.955548118865149831e+02;4.361927452327618084e+02;2.440322328412545971e+01;-5.743757140214393786e+01;1.701637241621282328e+02;2.182822953035810656e+02;-2.370807560862211290e+02;-4.591262692435392978e+01;-3.175940441218163528e+02;-1.371998915179318885e+02;-1.953055749322563202e+02;-1.653821884307114942e+02
9.984568808873139911e-02;7.610647733451515933e+02;3.799084231006835353e+02;-3.389778118951842316e+02;5.319572806292486575e+02;-2.014336560775560088e+02;-1.034182192255197492e+02;-5.237951965703133510e+02;4.732790216114856889e+02;-5.573609049244446396e+02;-2.055071957327282632e+02;-1.923815134965236950e+02;-2.343484645238823205e+01
8.461915023041985506e+00;5.047245527898798514e+02;1.009652253779537887e+03;-9.115901096870153424e+02;2.284141309813555267e+02;-1.116693450687145770e+02;-4.425701232029149423e+02;6.903802065610763350e+01;1.459544816162684242e+02;-2.376013134432333800e+02;-6.722333579560685735e+01;3.036858184874648092e+00;-1.986279858335816755e+02
-2.829682512457942778e+01;3.300875395553757130e+02;9.635261202380862642e+02;-3.665618307627512991e+02;-5.480750070510357546e+02;1.420579286972679256e+02;2.509297795259205657e+02;-5.215139429057247753e+02;2.020619294935881953e+02;-9.714328756900049200e+01;-1.768458233535822046e+02;-1.867436186846983048e+02;3.651703794113348067e+01
-3.349044626315980366e+01;2.346598380677562261e+02;1.030475407063176590e+03;-1.418850670755051340e+02;-4.454961314575490405e+02;-2.987040525197036445e+01;-2.374738973763394156e+01;-3.843808593748995008e+02;4.484655021625664517e+02;-2.025797843463100207e+02;-4.710741298942414801e+02;-2.171037674994410906e+02;2.360272336072110022e+02
1.511917984179673624e+02;3.216762372066282865e+02;7.928841202451094432e+02;-5.013184940090611121e+02;-6.886791563103768112e+02;1.697455492386087030e+02;2.367128145622773445e+02;-4.130558464021725626e+02;3.966513276749146399e+01;-2.845094992705935510e+02;4.808902913263781187e+01;1.576390783102952042e+01;1.118344065904541225e+02
7.116519513998532602e+02;-5.319953347679687994e+01;-6.431038517161223922e+01;-6.204164279085125600e+01;-6.361225501806305971e+01;-5.730863840267455345e+01;-6.060419528004300105e+01;-5.942863615746194483e+01;-5.641649431489069144e+01;-6.015078668423083030e+01;-5.574566308755191812e+01;-5.879984673469709122e+01;-6.003387428097786938e+01
7.069895605899117754e+02;-5.320420707746669109e+01;-5.359404105740456714e+01;-6.238230927612927701e+01;-4.872248627208833227e+01;-7.626056536173396694e+01;-4.800433980872903561e+01;-7.735997262599330782e+01;-4.373628102312252963e+01;-7.528148476150543900e+01;-4.652182703864635016e+01;-7.215313049120408095e+01;-4.976891579588796333e+01
2.090906526292627063e+02;-2.309951173549216321e+02;4.629175942347405339e+02;-6.764550239218360161e+01;4.032593638073516900e+02;-4.477701637194062982e+02;2.130474357520095907e+02;-4.088973973626183351e+02;1.744524828670969612e+02;-3.552091148568076733e+02;1.855822651542495976e+02;-2.298950675923414906e+02;9.206256883356746812e+01
-1.131832457754618027e+01;-4.371690041384275105e+02;6.052571831790255885e+01;-1.121461603828408755e+02;5.338373110310373022e+02;-2.046246412749768240e+01;5.530175123782364608e+02;1.730821376349739182e+01;1.395361137916325589e+01;-3.156451328977740900e+02;2.506240783241173631e+02;-2.996936338252403971e+02;-2.328317252446274779e+02
-5.535225726977120075e+01;-8.055282359831334560e+00;-9.293338187121233318e+01;-7.973291859690984040e+01;-3.557067950100357621e+02;3.900238952009100331e+02;-6.197641057478236348e+01;1.166790706315231887e+02;-3.620065218721219935e+02;4.195184232451637740e+02;-2.731547261603985817e+02;4.735007489295767300e+02;-1.108038442921101421e+02
-6.091868009902393766e+01;5.608848082363313097e+02;-1.249533348069662821e+02;3.589949434679551814e+02;-4.755296258278750088e+02;1.837493687900693828e+02;-4.962345904548642466e+02;8.876105572682017453e+01;-7.138874731486713188e+01;4.184260980614555336e+01;-8.819369461937069943e+00;-1.288103287543954956e+01;1.649259481365175262e+01
-3.699910624896536149e+01;-4.540702254067506942e+02;1.078314245783984546e+02;2.575957230656899810e+02;8.715181203868778539e+02;-1.388953939071043919e+01;4.611300475756343076e+02;-1.938352589104049457e+02;3.746416054210735780e+01;-4.324493869828084485e+02;1.017619935706809002e+02;-4.197023661628112450e+02;-2.863555866169376714e+02
-4.026267991236660038e+01;-2.049012706767013299e+02;3.243246974902912712e+02;3.422819004848406053e+02;4.178766830138935688e+02;-1.728658968572264314e+02;1.466913781344673282e+02;-6.355861058100989425e+01;-2.390441323760748844e+02;-2.169644404175741670e+02;-1.533365181623290425e+02;-7.993518475682989788e+01;-6.030592538338427744e+01
5.825708601526727648e+00;-4.546847367320245326e+02;3.309655073626891664e+01;-4.785150914110731435e+01;6.681478453455277986e+02;2.008251527759553312e+02;1.063921263120622740e+02;-1.414004014519613861e+02;2.328161648881035717e+02;-2.822394392036854356e+02;-1.126482098535797292e+02;-1.735865023778744103e+02;-3.469274989921130015e+01
-3.139809992763591850e+01;-2.152328562646195280e+02;8.469990153595234688e+02;5.418345341851593133e+01;4.629290070389496918e+02;-1.843525758365266043e+01;2.320443184298052302e+02;-3.063847398525101653e+02;-5.303466831045180925e+02;-4.058357894475815897e+02;-1.592348683743854210e+01;-1.362763603677678645e+02;6.367747913892973344e+01
3.457319762501490601e+01;-2.230213563871155316e+02;1.073901446461540132e+02;8.490102900188533397e+01;5.940779471800830152e+02;-1.527015496020665921e+02;2.448773072243361923e+02;-1.229182880446104349e+02;3.368086430971673053e+02;-4.380268207754122614e+02;2.036591584535215418e+02;-4.840721384062067045e+02;-1.855472740127509894e+02
2.213470693756987018e+01;-3.854743010765508302e+02;2.076352929444415736e+02;-1.693997927964584562e+02;7.050119326501665000e+02;-2.294849008118760310e+02;3.301540580417902788e+02;-2.177690398295543730e+02;2.117977724151382688e+02;-2.838954245065463056e+02;5.117253852652394386e+01;-2.575753027463890703e+02;1.569246025174458303e+01
5.960736777518778808e+02;-7.343991516743137993e+01;6.072858615092263790e+01;-1.579010089451279555e+02;6.756643145190589905e+01;-8.566222970006786852e+01;-4.320182308982394659e+01;-1.137166606144850931e+02;8.230257768745543601e+00;-1.440986867889273242e+02;9.781949804564341377e+00;-9.934652409836623121e+01;-2.501405452378612182e+01
4.798596689822671806e+02;-1.127300363347079895e+02;2.008156486937477041e+02;-2.500743370170714854e+02;1.298925914741370207e+02;-1.340951422948330389e+02;1.795981227993887686e+01;-1.756397667873683304e+02;7.345987482362643561e+01;-2.053441944225581324e+02;7.793507962242972553e+01;-1.157591474436201509e+02;1.371994842401504400e+01
4.961350492838304405e+01;-5.431112726749640842e+02;-9.739225896656046189e+01;-5.980397448699888230e+01;7.527722835342003691e+02;1.591895983437925466e+01;3.268727554899643337e+02;-2.289182837748906536e+02;1.959318401097209801e+02;-4.281709217336343158e+02;2.978093876892737626e+02;-2.720495226705392042e+02;-9.472497278334126136e+00
7.563711429300941802e+01;-4.565459181899624355e+02;-6.063682409103064685e+01;2.255866146509505898e-01;7.176606703014250570e+02;-5.159994058744993595e+01;3.357825920314716655e+02;-3.544158764409632454e+02;2.262584091600764395e+02;-4.883055287000705107e+02;2.251106453833192518e+02;-2.720835415431081969e+02;1.029126117686320043e+02
-1.263372356798712417e+02;2.114482036300145467e+02;-3.633215679378645859e+02;-3.165947253847446063e+01;-4.854276125813526050e+02;2.048283895256040807e+02;-3.372000933136608296e+02;5.093598324232040682e+02;-4.046011273170092792e+00;6.338819261547156430e+02;-1.132965792229461215e+02;2.416183654705710637e+02;-3.398481446567690227e+02
-9.778819696106410220e+01;-3.204510439878339980e+02;1.921139048111724890e+02;2.136617828278229467e+02;5.628201550522755952e+02;-2.234815117151463255e+02;4.847979040524645598e+02;-1.896923713901801420e+02;2.216515237121049609e+02;-3.830645274988505093e+02;4.599288936030626473e+01;-4.353408443602625653e+02;-7.121966390280914538e+01
3.796200856655599409e+01;8.498465180978198532e+02;-4.836748668150288495e+02;-4.132110419860621278e+02;2.499986251507715096e+01;-3.836242865654344882e+02;-3.172511082008608128e+02;2.435864593223107590e+02;-2.293939978305252225e+02;8.930922098811305432e+01;4.027985443337597644e+02;1.802675079007206307e+02;-1.614820326445999932e+00
6.592282463051330410e+01;-1.342670062321629985e+02;1.373611145823309130e+02;-2.568605743553028447e+02;4.407733005767513532e+02;-3.418558921810291054e+02;3.581383554807666201e+02;-1.561202098923288588e+02;5.306167396115705515e+02;-3.628223169754543846e+02;7.458497965740602353e+01;-4.075339590421645539e+02;5.206264413910367495e+01
1.539202636491502005e+02;-1.535336850677793663e+01;1.645848382084304262e+02;8.355682001357730826e+01;3.948440425339282456e+02;-3.224034841089123233e+02;5.355219305890437198e+01;-2.804356482301213873e+02;1.457193391875543966e+02;-3.856222496629217176e+02;1.225666669626094603e+02;-2.827873945438909118e+02;1.678579814384679025e+02
-2.444344274683766116e+02;-9.737676099322993650e+01;-1.616901110729775937e+01;1.922849244852325867e+01;-1.240372967644032798e+02;2.220835648196099612e+02;-2.234224632528596715e+02;2.071466236529465732e+02;-1.758960898641831250e+02;3.960492813758616535e+02;-2.098730197649739466e+02;4.246588614157836901e+02;-1.779577544974021635e+02
2.246032763212691208e+01;-3.823340596296533249e+02;1.333163268258141159e+02;3.640389829896406013e+02;8.974764109275596411e+02;1.853144068486432516e+01;3.696919119429354623e+02;-6.302327697722415678e+02;-7.789834234354125897e+01;-2.617191599577431020e+02;-1.420099239786351575e+02;-2.364174331646509870e+02;-7.490371215647581948e+01
4.173655635041811962e+01;7.426743946533868268e+01;-5.170368362974135152e+02;-4.926843084909609871e+01;-5.697180381572135275e+02;2.184344086487166976e+02;-3.824177867757356921e+02;5.430874881800177718e+02;-3.043208151025105224e+01;7.003509477640195655e+02;-2.019844282308131085e+02;4.272737581789625665e+02;-2.542929967669507505e+02
6.743062436390823677e+02;-3.877287997870812575e+01;-6.737638753026801908e+01;-6.300459206876546148e+01;-6.082148921528747820e+01;-5.232950237158902951e+01;-5.121528349989113593e+01;-5.207727274693714747e+01;-5.364895880891949531e+01;-6.181049633425548961e+01;-5.718435145105362238e+01;-5.949146332046218077e+01;-5.657356631294418037e+01
-1.140095694892402065e+02;4.742405700280513088e+02;-1.102844700792187922e+02;2.444509583067835763e+02;-3.420571165446379496e+02;2.676123622023533812e+02;-2.301481585179696481e+02;-1.501631592392250747e+00;-3.502444281820502283e+02;2.260913996324361221e+02;-3.295425985910158033e+02;3.591942897776598898e+02;-9.380160695075909416e+01
1.779388461764499993e+02;-1.617987114112645486e+02;3.901697508612333536e+02;1.832274753668796166e+02;8.904578853632203845e+02;-4.195181134162498324e+02;1.766668397856414003e+02;-3.754788072314327678e+02;-1.523386184490645689e+02;-2.950552866969416073e+02;7.426136558369018204e+00;-2.830310551499509302e+02;-1.386663417568898922e+02
9.701521858575917179e+01;-1.870497568872478951e+02;1.568285496947509330e+02;-4.862261189262972039e+01;5.948369937192472889e+02;-2.553616718929778528e+02;3.977845479927307792e+02;-3.261500708464554918e+02;2.318278858756757757e+02;-4.939061770002810476e+02;-5.018910149983536684e+01;-2.382437973737658012e+02;1.212299915250294333e+02
1.225546782715562344e+01;-3.835659936491165354e+02;1.743968878531475042e+01;-1.700556867922244919e+02;4.541106132938907081e+02;-3.496225201067097288e+01;7.817622890784838319e+02;-2.704640386587349212e+02;-2.262826541378776923e+01;-1.750984494171210315e+01;2.303631912179722008e+02;-5.238884571049866281e+02;-7.285671163158372110e+01
1.785203065063364249e+02;-2.915058027111244883e+02;4.737458901583349871e+02;-1.331193953761216449e+02;5.077886537044887518e+02;-2.979507240511223927e+02;1.629225935077373606e+02;-3.141664695875682582e+02;2.478084032548676703e+02;-4.744552586432056955e+02;7.546386782576662711e+01;-3.073683960871621252e+02;1.723163314987727404e+02
4.987263769345408093e+01;4.265053134661753802e+02;-9.737439937267915013e+01;-2.571328723963578113e+02;-2.650512273617285928e+02;7.261484213809325183e+01;-3.554224766077207391e+02;1.555325368184504100e+02;1.098376003406412167e+02;3.848600086146415578e+01;-1.469758735477873017e+02;1.788535866834756973e+02;9.025433128451973630e+01
-8.342644584997975343e+00;-4.289487564839562310e+02;-9.067967634473723137e+01;1.036814516625960891e+02;4.318709632182395239e+02;7.688866390698474618e+01;3.477125591386641190e+02;-2.153379105619425502e+02;3.750604894787998091e+02;-2.383442728464969775e+02;1.310481387865419265e+02;-4.282379157460160286e+02;-5.637108962367890541e+01
7.750973946156867100e+01;-2.226558844241942268e+02;3.076754467858296493e+02;-2.339134324768775173e+02;6.880498978209087682e+02;-1.820346793380359713e+02;5.686840040878523723e+02;-3.320457623550601056e+02;1.228497128846714617e+02;-4.366944641722756160e+02;7.859025544601490765e+01;-3.748869952559062426e+02;-6.112783846449647740e+01
-2.384484910450963469e+01;-2.672416707574327575e+02;3.633473957147909914e+02;8.518352295332057622e+01;8.559571186749518574e+02;-2.678107908087625333e+02;3.908805269027466238e+02;-2.779132686034171229e+02;9.986504883241103414e+00;-3.709607859506529621e+02;1.551839204038580817e+02;-5.516576016534306746e+02;-1.011100226547035135e+02
-9.902635736572479175e+01;-1.663386638544390621e+02;7.571588079143456298e+02;3.607369435071793760e+02;3.579502073583212223e+02;-4.663529103443493113e+02;-8.644067797278049170e+01;-4.098497256484739069e+02;-6.046885180278192706e+01;-1.591331856307027124e+02;6.167121315884318733e+01;-1.152453917195405211e+02;2.533859240010344038e+01
-2.156796707149489123e+01;-4.041987855085625938e+02;6.627255900674202849e+01;-2.163289460495806225e+02;6.033677623340637410e+02;-1.022872120589065617e+02;4.070156287338984953e+02;-4.799680493555916883e+02;3.353505219762836873e+02;-2.212408589481627814e+02;2.367081850040705717e+02;-3.986258229329171172e+02;1.955029848701578317e+02
8.511328008643125997e+01;-3.091378383201164297e+02;3.954055878206586954e+02;2.046257035092754677e+02;7.063389156470148009e+02;-3.632228085247419926e+02;1.361414565171466506e+01;-4.045232106517975126e+02;-9.678962487359204658e+01;-6.965025406676637658e+02;3.475879108386601501e+01;-2.685266456995174522e+01;4.571722638089030397e+02
-4.403431487948361145e+00;-6.927804984880179973e+02;3.911050283471356011e+02;8.018139702853752624e+02;2.822178059729718029e+02;1.559161249346891793e+02;7.818426073744797122e+01;6.701002039522114728e+01;7.214490264975030698e+01;-6.768715313982582984e+02;3.386795663332987516e+01;-5.170046911301363934e+02;8.800082548440329333e+00
3.963950259081858007e+02;2.311399591622829632e+02;3.736546679514894720e+01;8.162105452190138521e+01;-3.425853735851571287e+02;-1.184410235312906252e+02;-1.983682411742649094e+02;-3.175453902148550256e+01;-2.248603835133814073e+02;5.544925181970506145e+01;4.256944271157053095e+01;9.871659045359668028e+01;-2.724723054681171419e+01
5.109359509538657029e+00;1.682970563119180554e+02;4.836277798420552472e+02;-1.169774160058862478e+01;-4.707470310165071226e+01;-5.535469725653279482e+01;-1.063363005753017063e+02;-3.100320074273725481e+02;-7.169115370694633782e+01;5.127808690987332341e+01;2.050124876815868902e+01;-1.836331538970556920e+01;-1.082636122834476424e+02
